ID,Balticammina.pseudomacrescens,Haplophragmoides.spp.,Jadammina.macrescens,Miliammina.fusca,Trochammina.inflata,Cibicides.lobatulus,Stainforthia.fusiformis,Haynesina.germanica,Quinqueloculina.spp.,Elphidium.williamsoni,Elphidium.spp.,Ammonia.spp.,Brizalina.pseudopunctata,Bulimina.marginata,Cyclogyra.involvens,Fissurina.lucida,Fissurina.marginata,Gavelinopsis.praegeri,Globigerina.quinqueloba,Lagena.semistriata,Lagena.sulcata,Pateoris.hauerinoides,Planorbulina.mediterranensis,Reophax.scottii,Rosalina.williamsoni,Spirillina.vivipara,Spiroloculina.excavata,Spiroloculina.rotunda,Trochammina.ochracea,Trochammina.squamata,Brizalina.inflata,Brizalina.variabilis,Buliminella.elegantissima,Cassidulina.obtusa,Glabratella.millettii,Rosalina.spp.,Cornuspira.involvens,Lagena.spp.,Miliolinella.subrotunda,Patellina.corrugata,Lamarckina.haliotidea,Nonionoides.turgidus,Paratrochammina.haynesi,Paratrochammina.spp.,Tiphotrocha.comprimata,Agglut.unidentified,Melonis.barleeanus,Nonion.spp.,Unidentified.spp.,Trochamminita.spp.,Ammobaculites.spp.,Ammodiscus.spp.,Site,Total.dead,Elevation,SWLI,HoF
AMIII1,0,0,0,0,0,71.2,0,2.9,12.2,5.4,1,1.5,0,0,0,0,0,0,0,0,0,5.9,0,0,0,0,0,0,0,0,0,0,0,0,0,0,0,0,0,0,0,0,0,0,0,0,0,0,0,0,0,0,Alnmouth,547,0,87.26,88.09
AMIII2,0,0,0,0,0,61.5,0,3.5,23,2.5,0.5,1.5,0,0,0,0,0,0,0,0,0,6.5,1,0,0,0,0,0,0,0,0,0,0,0,0,0,0,0,0,0,0,0,0,0,0,0,0,0,0,0,0,0,Alnmouth,800,0.1,91.12,91.7
AMIII3,0,0,0,0,0,66.5,0,0,19.7,3,0,2,0,0,0,0,0,0,0,0,0,6.4,0,0,2.5,0,0,0,0,0,0,0,0,0,0,0,0,0,0,0,0,0,0,0,0,0,0,0,0,0,0,0,Alnmouth,541,0.3,98.84,98.92
AMIII4,0,0,0,0,0,57.9,0,5.1,17.6,6.5,0,0.9,0,0.5,0,0,0,0,0,0,0,7.4,0,0,3.7,0,0,0.5,0,0,0,0,0,0,0,0,0,0,0,0,0,0,0,0,0,0,0,0,0,0,0,0,Alnmouth,576,0.5,106.56,106.14
AMIII5,0,0,0,0,0,69.6,0,6.9,11.8,3.9,1,2,0,0,0,0,0,0,0,0,0,2.9,1,0,1,0,0,0,0,0,0,0,0,0,0,0,0,0,0,0,0,0,0,0,0,0,0,0,0,0,0,0,Alnmouth,816,0.6,110.42,109.75
AMIII6,0,0,1.8,0,0.3,18.9,9.5,40.8,1.5,13.9,2.1,0.3,0,0.3,0,0,0,0,0,0,0.3,3,2.7,1.2,0.6,1.5,1.5,0,0,0,0,0,0,0,0,0,0,0,0,0,0,0,0,0,0,0,0,0,0,0,0,0,Alnmouth,2704,0.4,102.7,102.53
AMIII7,0,0,0.2,0,0.2,14.6,22.7,28.6,2.6,14.1,2.9,0.2,2.9,1.2,0.2,0,0,0,0,0,1,4.5,1.4,0.5,1.7,0.2,0,0,0,0.2,0,0,0,0,0,0,0,0,0,0,0,0,0,0,0,0,0,0,0,0,0,0,Alnmouth,3352,0.5,106.56,106.14
AMIII8,0,0,2.6,1.1,0,24.2,12.8,37,1.1,11.3,5.3,1.9,0.8,0.4,0,0,0,0,0,0.4,0.4,0,0.4,0,0.4,0,0,0,0,0,0,0,0,0,0,0,0,0,0,0,0,0,0,0,0,0,0,0,0,0,0,0,Alnmouth,2120,0.8,118.15,116.97
AMIII9,0,0,0.6,0.3,0,12.7,7.7,47.5,1.8,2.6,3.9,0.6,1.8,0,0,0,0,0,0,0.3,0.9,1.8,0,0,0.3,0,0,0,0,0,0,0,0,0,0,0,0,0,0,0,0,0,0,0,0,0,0,0,0,0,0,0,Alnmouth,2712,0.9,122.01,120.58
AMIII10,0,0,0.5,0,0,4.9,20.6,35.9,0.3,24,4.4,0.5,2.9,0,0,0,0,0.3,1,0.8,0,1.3,0.3,0.5,1.3,0,0,0,0.5,0,0,0,0,0,0,0,0,0,0,0,0,0,0,0,0,0,0,0,0,0,0,0,Alnmouth,3072,1.1,129.73,127.8
AMIII11,0,0,0.6,0,0.6,5.5,6.1,37.4,0.6,38,1.5,4,0.9,0,0,0,0.3,0,0.3,0.9,0.6,0.9,0.3,0,0,0,0,0,1.2,0,0,0,0,0,0,0,0,0,0,0,0,0,0,0,0,0,0,0,0,0,0,0,Alnmouth,2608,1.3,137.45,135.02
AMIII12,0,0,6.6,0,0.4,20.2,13.6,16.2,3.1,32.5,0.4,1.8,0,0.4,0,0.4,1.3,0,0.4,0,0,0,0,0.4,0.4,0.4,0,0,1.3,0,0,0,0,0,0,0,0,0,0,0,0,0,0,0,0,0,0,0,0,0,0,0,Alnmouth,1824,1.4,141.31,138.63
AMIII13,0,0,6.6,0,2.8,5.2,23.6,20.8,4.7,22.6,2.4,1.9,0.9,0,0,0,2.8,0,1.4,0,0.5,0.5,0,0,0,1.9,0,0,1.4,0,0,0,0,0,0,0,0,0,0,0,0,0,0,0,0,0,0,0,0,0,0,0,Alnmouth,848,1.6,149.03,145.85
AMIII14,0,0,13.5,0,1.9,0.3,13.8,19.3,26.4,10.6,1.3,0,0.6,0.3,0,0.3,0,0,0.6,0,0.3,0.3,0,0.3,0,7.1,0,0,2.9,0,0,0,0,0,0,0,0,0,0,0,0,0,0,0,0,0,0,0,0,0,0,0,Alnmouth,2488,1.6,149.03,145.85
AMIII15,0,0,4.2,0,0,0.3,8.4,33,34.8,7.2,0.3,0,0,0,0,2.1,0,0,0.6,0,0,0,0,0.3,0,8.4,0,0,0.3,0,0,0,0,0,0,0,0,0,0,0,0,0,0,0,0,0,0,0,0,0,0,0,Alnmouth,2664,1.7,152.9,149.46
AMIII16,0,0,37.3,0,1.6,0,3.9,5.9,32.2,10.6,0.4,0,0,0,0,0.4,0,0,0,0,0,0,0,0.8,0,6.7,0,0,0.4,0,0,0,0,0,0,0,0,0,0,0,0,0,0,0,0,0,0,0,0,0,0,0,Alnmouth,2040,1.9,160.62,156.68
AMIII17,0,0,52.6,1.3,18.6,0.8,0,0.8,19.3,5.4,0,0,0,0,0,0,0,0,0,0,0,0,0,0,0,1,0,0,0.3,0,0,0,0,0,0,0,0,0,0,0,0,0,0,0,0,0,0,0,0,0,0,0,Alnmouth,3104,2,164.48,160.29
AMIII18,0.3,0,65.6,0,33,0,0,0,0.3,0.3,0,0,0,0,0,0,0,0,0,0,0,0,0,0,0,0,0,0,0.6,0,0,0,0,0,0,0,0,0,0,0,0,0,0,0,0,0,0,0,0,0,0,0,Alnmouth,2864,2.2,172.2,167.51
AMIII19,0,0,70.5,0,29.5,0,0,0,0,0,0,0,0,0,0,0,0,0,0,0,0,0,0,0,0,0,0,0,0,0,0,0,0,0,0,0,0,0,0,0,0,0,0,0,0,0,0,0,0,0,0,0,Alnmouth,1736,2.3,176.06,171.12
AMIII20,0,0,98.1,0,1.9,0,0,0,0,0,0,0,0,0,0,0,0,0,0,0,0,0,0,0,0,0,0,0,0,0,0,0,0,0,0,0,0,0,0,0,0,0,0,0,0,0,0,0,0,0,0,0,Alnmouth,422,2.6,187.64,181.95
BM1,0,6.4,44.7,19.8,17.8,0,0,1.4,4.8,3.2,1.1,0.4,0,0,0,0,0,0,0,0,0,0,0,0,0,0,0,0,0,0,0,0,0,0,0,0,0,0,0,0,0,0,0,0,0,0,0,0,0,0,0,0,Brancaster,1116,3.27,204.92,200
BM2,0,2.6,37.5,17.1,24.2,0,0,2.8,7.8,3.8,0.3,1.9,0,0,1.3,0,0,0,0,0,0,0,0,0,0,0,0,0,0,0,0,0,0,0,0,0,0,0,0,0,0,0,0,0,0,0,0,0,0,0,0,0,Brancaster,846,3.21,203.08,198.24
BM3,0,2.4,35.5,20.2,23.5,0,0,3.2,8.1,3.1,1,0.6,0,0,2.3,0,0,0,0,0,0,0,0,0,0,0,0,0,0,0,0,0,0,0,0,0,0,0,0,0,0,0,0,0,0,0,0,0,0,0,0,0,Brancaster,692,3.24,204,199.12
BM4,0,0.6,27.9,13.6,12.9,0,0,6.8,21.2,4.9,2,8.2,0,0,1.4,0,0,0,0,0,0,0,0,0,0,0.3,0,0,0,0,0,0,0,0,0,0,0,0,0,0,0,0,0,0,0,0,0,0,0,0,0,0,Brancaster,740,3.23,203.69,198.83
BM5,0,0.3,40.4,24.9,26.2,0,0,1.1,3,0.8,0.4,0.6,0,0,0,0,0,0,0,0,0,0,0,0,0,0,0,0,0,0,0,0,0,0,0,0,0,0,0,0,0,0,0,0,0,0,0,0,0,0,0,0,Brancaster,780,3.21,203.08,198.24
BM6,0,4.3,33.8,25.5,30.7,0,0,1.4,1.4,1.6,0.3,0.3,0,0,0,0,0,0,0,0,0,0,0,0,0,0,0,0,0,0,0,0,0,0,0,0,0,0,0,0,0,0,0,0,0,0,0,0,0,0,0,0,Brancaster,814,3.22,203.38,198.53
BM7,0,1.8,45.8,16.5,32,0,0,1.9,0.2,0.6,0.3,0.4,0,0,0,0,0,0,0,0,0,0,0,0,0,0,0,0,0,0,0,0,0,0,0,0,0,0,0,0,0,0,0,0,0,0,0,0,0,0,0,0,Brancaster,832,3.22,203.38,198.53
BM8,0,1.1,39.4,27.4,24.9,0,0,1.6,1.1,2.5,1.1,0,0,0,0,0,0,0,0,0,0,0,0,0,0,0,0,0,0,0,0,0,0,0,0,0,0,0,0,0,0,0,0,0,0,0,0,0,0,0,0,0,Brancaster,708,3.23,203.69,198.83
BM9,0,0.2,39.7,16.3,36.1,0,0,0,0,3.5,3.7,0,0,0,0,0,0,0,0,0,0,0,0,0,0,0,0,0,0,0,0,0,0,0,0,0,0,0,0,0,0,0,0,0,0,0,0,0,0,0,0,0,Brancaster,636,3.22,203.38,198.53
BM10,0,0.5,44.6,14.4,30.6,0,0,5.3,0.8,2.6,0,1.2,0,0,0,0,0,0,0,0,0,0,0,0,0,0,0,0,0,0,0,0,0,0,0,0,0,0,0,0,0,0,0,0,0,0,0,0,0,0,0,0,Brancaster,834,3.24,204,199.12
BM11,0,0.4,30.2,16.9,46.8,0,0,1.3,2,2,0,0.4,0,0,0,0,0,0,0,0,0,0,0,0,0,0,0,0,0,0,0,0,0,0,0,0,0,0,0,0,0,0,0,0,0,0,0,0,0,0,0,0,Brancaster,620,3.21,203.08,198.24
BM12,0,1.3,38.3,13.6,36.2,0,0,4.3,2.6,2.4,0,1.3,0,0,0,0,0,0,0,0,0,0,0,0,0,0,0,0,0,0,0,0,0,0,0,0,0,0,0,0,0,0,0,0,0,0,0,0,0,0,0,0,Brancaster,766,3.19,202.46,197.65
BM13,0,0.2,39,6,47.9,0,0,1.8,2,1.4,0,1.8,0,0,0,0,0,0,0,0,0,0,0,0,0,0,0,0,0,0,0,0,0,0,0,0,0,0,0,0,0,0,0,0,0,0,0,0,0,0,0,0,Brancaster,612,3.19,202.46,197.65
BM14,0,0,49.5,8.4,36.2,0,0.8,1.4,0,0.8,0,3.9,0,0,0,0,0,0,0,0,0,0,0,0,0,0,0,0,0,0,0,0,0,0,0,0,0,0,0,0,0,0,0,0,0,0,0,0,0,0,0,0,Brancaster,606,3.14,200.92,196.19
BM15,0,0.4,43.6,7,21.8,0,0,0,11.5,6.2,0.2,7.6,0,0,0.3,0,0,0,0,0,0,0,0,0,0,0,0,0,0,0,0,0,0,0,0,0,0,0,0,0,0,0,0,0,0,0,0,0,0,0,0,0,Brancaster,1328,3.03,197.54,192.96
BM16,0,0,22.5,4.1,23,0,0.4,4.1,22.6,16.2,1.2,3.5,0,0,2,0,0,0,0,0,0,0,0,0,0,0,0,0,0,0,0,0,0,0,0,0,0,0,0,0,0,0,0,0,0,0,0,0,0,0,0,0,Brancaster,1166,2.98,196,191.5
BM17,0,0,44.4,1.7,22,0,1.1,4.5,14.4,6.9,0.5,0.5,0,0,2.7,0,0,0,0,0,0,0,0,0,0,0,0,0,0,0,0,0,0,0,0,0,0,0,0,0,0,0,0,0,0,0,0,0,0,0,0,0,Brancaster,538,3.07,198.77,194.13
BM18,0,0,46.6,0,24,0,0,14.9,4.6,4.4,0.8,0.5,0,0,2.7,0,0,0,0.4,0,0,0,0,0,0,0,0,0,0,0,0,0.5,0.5,0,0,0,0,0,0,0,0,0,0,0,0,0,0,0,0,0,0,0,Brancaster,642,3.02,197.23,192.67
BM19,0,0,56.3,0.4,9.6,0,0,14.3,2.3,1.9,5.4,5.6,0,0,1.6,0,0,0,2.2,0,0,0,0,0,0,0,0,0,0,0,0,0,0,0,0,0,0,0,0,0,0,0,0,0,0,0,0,0,0,0,0,0,Brancaster,634,3,196.62,192.08
BM20,0,0,21.6,0,2.3,0,0,34.3,11.8,11,7.6,7.5,0,0,0,0,0,0,0,0,0,0,0,0,0,0,0,0,0,0,1.2,0,0,0,1.5,0,0,0,0,0,0,0,0,0,0,0,0,0,0,0,0,0,Brancaster,226,2.48,180.62,176.83
BM21,0,0,12.9,0,0.5,0,0,41.2,9.1,7.4,12.8,13.8,0,0,0,0,0,0,0,0,0,0,0,0,0,0,0,0,0,0,1.9,0,0,0.6,0,0,0,0,0,0,0,0,0,0,0,0,0,0,0,0,0,0,Brancaster,318,2.31,175.38,171.85
BM22,0,0,17.5,0,0.6,0,0,52.7,4.8,4.1,8.8,6,0,0,0,0,0,0,1.6,0,0,0,0,0,0,0,0,0,0.7,0,0.8,0,0,0,0,0.5,0,0,0,0,0,0,0,0,0,0,0,0,0,0,0,0,Brancaster,378,1.88,162.15,159.24
BM23,0,0,5.9,0,0.7,0,0,73.4,0,2,10.1,3.2,0,0,0.5,0,0,0,0,0,0,0,0,0,0,0,0,0,0,0,2,0.9,0,0,0,0,0,0,0,0,0,0,0,0,0,0,0,0,0,0,0,0,Brancaster,478,1.85,161.23,158.36
BR1,0,0,0,0,0,0,0,0,0,0,0,0,0,0,0,0,0,0,0,0,0,0,0,0,0,0,0,0,0,0,0,0,0,0,0,0,0,0,0,0,0,0,0,0,0,0,0,0,0,0,0,0,Brancaster,0,4.36,211.76,218.28
BR2,0,0,0,0,0,0,0,0,0,0,0,0,0,0,0,0,0,0,0,0,0,0,0,0,0,0,0,0,0,0,0,0,0,0,0,0,0,0,0,0,0,0,0,0,0,0,0,0,0,0,0,0,Brancaster,0,3.96,201.74,206.68
BR3,0,0,0,0,0,0,0,0,0,0,0,0,0,0,0,0,0,0,0,0,0,0,0,0,0,0,0,0,0,0,0,0,0,0,0,0,0,0,0,0,0,0,0,0,0,0,0,0,0,0,0,0,Brancaster,0,3.87,199.47,204.05
BR4,0,0,0,0,0,0,0,0,0,0,0,0,0,0,0,0,0,0,0,0,0,0,0,0,0,0,0,0,0,0,0,0,0,0,0,0,0,0,0,0,0,0,0,0,0,0,0,0,0,0,0,0,Brancaster,0,3.78,197.33,201.57
BR5,0,15.4,84.6,0,0,0,0,0,0,0,0,0,0,0,0,0,0,0,0,0,0,0,0,0,0,0,0,0,0,0,0,0,0,0,0,0,0,0,0,0,0,0,0,0,0,0,0,0,0,0,0,0,Brancaster,26,3.73,195.99,200.02
BR6,0,0,63.6,36.4,0,0,0,0,0,0,0,0,0,0,0,0,0,0,0,0,0,0,0,0,0,0,0,0,0,0,0,0,0,0,0,0,0,0,0,0,0,0,0,0,0,0,0,0,0,0,0,0,Brancaster,11,3.62,193.24,196.84
BR7,0,0,0,100,0,0,0,0,0,0,0,0,0,0,0,0,0,0,0,0,0,0,0,0,0,0,0,0,0,0,0,0,0,0,0,0,0,0,0,0,0,0,0,0,0,0,0,0,0,0,0,0,Brancaster,1,3.57,191.81,195.19
BR8,0,0,0,0,0,0,0,0,0,0,0,0,0,0,0,0,0,0,0,0,0,0,0,0,0,0,0,0,0,0,0,0,0,0,0,0,0,0,0,0,0,0,0,0,0,0,0,0,0,0,0,0,Brancaster,0,3.45,189.02,191.95
BR9,0,55,40,0,5,0,0,0,0,0,0,0,0,0,0,0,0,0,0,0,0,0,0,0,0,0,0,0,0,0,0,0,0,0,0,0,0,0,0,0,0,0,0,0,0,0,0,0,0,0,0,0,Brancaster,40,3.37,186.83,189.43
BR10,0,62.4,11.8,24.7,1.2,0,0,0,0,0,0,0,0,0,0,0,0,0,0,0,0,0,0,0,0,0,0,0,0,0,0,0,0,0,0,0,0,0,0,0,0,0,0,0,0,0,0,0,0,0,0,0,Brancaster,85,3.34,186.05,188.52
BR11,0,42.6,11.8,36.8,1.5,0,0,0,0,0,0,7.4,0,0,0,0,0,0,0,0,0,0,0,0,0,0,0,0,0,0,0,0,0,0,0,0,0,0,0,0,0,0,0,0,0,0,0,0,0,0,0,0,Brancaster,68,3.32,185.69,188.1
BR12,0,12.2,11,30.5,0,0,0,0,0,1.2,0,45.1,0,0,0,0,0,0,0,0,0,0,0,0,0,0,0,0,0,0,0,0,0,0,0,0,0,0,0,0,0,0,0,0,0,0,0,0,0,0,0,0,Brancaster,82,3.28,184.65,186.9
BR13,0,4.4,17.8,40,0,0,0,2.2,0,2.2,0,33.3,0,0,0,0,0,0,0,0,0,0,0,0,0,0,0,0,0,0,0,0,0,0,0,0,0,0,0,0,0,0,0,0,0,0,0,0,0,0,0,0,Brancaster,45,3.27,184.39,186.59
BR14,0,6,15.5,58.3,4.8,0,0,0,0,9.5,0,6,0,0,0,0,0,0,0,0,0,0,0,0,0,0,0,0,0,0,0,0,0,0,0,0,0,0,0,0,0,0,0,0,0,0,0,0,0,0,0,0,Brancaster,84,3.3,185.03,187.34
BR15,0,12.4,31.1,23.3,11.4,0,0,0.5,9.3,8.8,0,3.1,0,0,0,0,0,0,0,0,0,0,0,0,0,0,0,0,0,0,0,0,0,0,0,0,0,0,0,0,0,0,0,0,0,0,0,0,0,0,0,0,Brancaster,193,3.23,183.29,185.32
BR16,0,1.1,12,17,4.6,0,0,0,1.4,8.1,0,55.1,0,0,0,0,0,0,0,0,0,0,0,0,0,0,0,0,0,0,0,0,0,0,0,0,0.7,0,0,0,0,0,0,0,0,0,0,0,0,0,0,0,Brancaster,283,3.25,183.88,186
BR17,0,11.6,29,15.2,7.6,0,0,0,9.8,7.1,2.2,8.5,0,0,0,0,0,0,0,0,0,0,0,0,0,0,0,0,0,0,0,0,0,0,0,0,8.9,0,0,0,0,0,0,0,0,0,0,0,0,0,0,0,Brancaster,224,3.29,184.93,187.22
BR18,0,0.9,42.5,20.4,3.5,0,0,0,0,5.3,1.8,21.2,0,0,0,0,0,0,0,0,0,0,0,0,0,0,0,0,0,0,0,0,0,0,0,0,4.4,0,0,0,0,0,0,0,0,0,0,0,0,0,0,0,Brancaster,113,3.27,184.31,186.5
BR19,0,0,63.4,12.9,10.9,0,0,0,5,0,0,7.9,0,0,0,0,0,0,0,0,0,0,0,0,0,0,0,0,0,0,0,0,0,0,0,0,0,0,0,0,0,0,0,0,0,0,0,0,0,0,0,0,Brancaster,101,3.25,183.79,185.9
BR20,0,0,30,9.1,4.5,0,0,0.9,12.7,10,0,32.7,0,0,0,0,0,0,0,0,0,0,0,0,0,0,0,0,0,0,0,0,0,0,0,0,0,0,0,0,0,0,0,0,0,0,0,0,0,0,0,0,Brancaster,110,3.21,182.76,184.71
BR21,0,0,57.7,23.1,0,0,0,3.8,3.8,5.8,0,5.8,0,0,0,0,0,0,0,0,0,0,0,0,0,0,0,0,0,0,0,0,0,0,0,0,0,0,0,0,0,0,0,0,0,0,0,0,0,0,0,0,Brancaster,52,3.14,181.07,182.75
BR22,0,0,32.7,7.5,1.9,0,0,9.3,11.2,7.5,7.4,21.5,0,0,0,0,0,0,0,0,0,0,0,0,0,0,0,0,0.9,0,0,0,0,0,0,0,0,0,0,0,0,0,0,0,0,0,0,0,0,0,0,0,Brancaster,107,3.2,182.62,184.54
BR23,0,0,33,2.7,4.3,0,0,3.8,20,7,2.1,24.3,0,0,0,0,0,0,0,0,0,0,0,0,0,0,0,0,0.5,0,0,0,0,0,0,0,2.2,0,0,0,0,0,0,0,0,0,0,0,0,0,0,0,Brancaster,185,3.17,181.74,183.53
BR24,0,0,36.4,13.6,4.5,0,0,0,6.8,3.4,4.5,30.7,0,0,0,0,0,0,0,0,0,0,0,0,0,0,0,0,0,0,0,0,0,0,0,0,0,0,0,0,0,0,0,0,0,0,0,0,0,0,0,0,Brancaster,88,3.14,181.17,182.87
BR25,0,0,62.5,0,5.6,0,0,1.4,9.7,2.8,1.4,16.7,0,0,0,0,0,0,0,0,0,0,0,0,0,0,0,0,0,0,0,0,0,0,0,0,0,0,0,0,0,0,0,0,0,0,0,0,0,0,0,0,Brancaster,72,3.1,180.19,181.73
BR26,0,0,59.3,0,4.9,0,0,0,23.6,2.4,0.8,0.8,0,0,0,0,0,0,0,0,0,0,0,0,0,0,0,0,0,0,0,0,0,0,0,0,8.1,0,0,0,0,0,0,0,0,0,0,0,0,0,0,0,Brancaster,123,3.01,177.77,178.94
BR27,0,0,51.9,5.1,1.3,0,0,0,27.8,1.3,0,12.7,0,0,0,0,0,0,0,0,0,0,0,0,0,0,0,0,0,0,0,0,0,0,0,0,0,0,0,0,0,0,0,0,0,0,0,0,0,0,0,0,Brancaster,79,3.06,179.02,180.38
BR28,0,0,49.3,4.3,10.1,0,0,0.7,31.9,2.2,0.7,0.7,0,0,0,0,0,0,0,0,0,0,0,0,0,0,0,0,0,0,0,0,0,0,0,0,0,0,0,0,0,0,0,0,0,0,0,0,0,0,0,0,Brancaster,138,3.13,180.87,182.52
BR29,0,0,64,2.2,7.4,0,0,0,24.3,1.5,0,0,0,0,0,0,0,0,0,0,0,0,0,0,0,0,0,0,0,0,0,0,0,0,0,0,0.7,0,0,0,0,0,0,0,0,0,0,0,0,0,0,0,Brancaster,136,3.11,180.33,181.9
BR30,0,0,44.1,1.7,0,0,0,0,45.8,5.1,0,1.7,0,0,0,0,0,0,0,0,0,0,0,0,0,0,0,0,0,0,0,0,0,0,0,0,1.7,0,0,0,0,0,0,0,0,0,0,0,0,0,0,0,Brancaster,59,2.99,177.41,178.52
BR31,0,0,69.9,0,4.1,0,0,2.7,15.1,1.4,0,6.8,0,0,0,0,0,0,0,0,0,0,0,0,0,0,0,0,0,0,0,0,0,0,0,0,0,0,0,0,0,0,0,0,0,0,0,0,0,0,0,0,Brancaster,73,3.01,177.77,178.93
BR32,0,0,45.8,0,6,0,0,0,39.8,2.4,0,3.6,0,0,0,0,0,0,0,0,0,0,0,0,0,0,0,0,0,0,0,0,0,0,0,0,2.4,0,0,0,0,0,0,0,0,0,0,0,0,0,0,0,Brancaster,83,2.9,175.11,175.85
BR33,0,0,5.7,1.4,0,0,0,8.6,21.4,10,4.2,48.6,0,0,0,0,0,0,0,0,0,0,0,0,0,0,0,0,0,0,0,0,0,0,0,0,0,0,0,0,0,0,0,0,0,0,0,0,0,0,0,0,Brancaster,70,2.74,170.92,171.01
BR34,0,0,33.9,6.8,1.7,0,0,1.7,22,3.4,1.7,27.1,0,0,0,0,0,0,0,0,0,0,0,0,0,0,0,0,0,0,0,0,0,0,0,0,1.7,0,0,0,0,0,0,0,0,0,0,0,0,0,0,0,Brancaster,59,2.79,172.3,172.61
BR35,0,0,19.2,1.9,0,0,0,7.7,50,5.8,0,15.4,0,0,0,0,0,0,0,0,0,0,0,0,0,0,0,0,0,0,0,0,0,0,0,0,0,0,0,0,0,0,0,0,0,0,0,0,0,0,0,0,Brancaster,52,2.64,168.43,168.13
BR36,0,0,24.2,0,1.6,0,0,51.6,19.4,1.6,0,1.6,0,0,0,0,0,0,0,0,0,0,0,0,0,0,0,0,0,0,0,0,0,0,0,0,0,0,0,0,0,0,0,0,0,0,0,0,0,0,0,0,Brancaster,62,2.52,165.46,164.68
CM1,0,0,100,0,0,0,0,0,0,0,0,0,0,0,0,0,0,0,0,0,0,0,0,0,0,0,0,0,0,0,0,0,0,0,0,0,0,0,0,0,0,0,0,0,0,0,0,0,0,0,0,0,Cowpen,47,3.24,225.32,200
CM2,0,0,76.3,7.5,15.1,0,0,0,0.1,0.5,0,0,0,0,0,0,0,0,0,0,0,0,0,0,0,0,0,0,0,0,0,0,0,0,0,0,0,0,0,0,0,0,0,0,0,0,0,0,0,0,0,0,Cowpen,334,2.86,209.01,186.99
CM3,0,0.5,66,4.1,28.1,0,0,0,0.6,0,0,0,0,0,0,0,0,0,0,0,0,0,0,0,0,0,0,0,0,0,0,0,0,0,0,0,0,0,0,0,0,0,0,0,0,0,0,0,0,0,0,0,Cowpen,686,2.81,206.87,185.27
CM4,0,1.6,62.8,2.3,31.8,0,0,0,0.4,1.1,0,0,0,0,0,0,0,0,0,0,0,0,0,0,0,0,0,0,0,0,0,0,0,0,0,0,0,0,0,0,0,0,0,0,0,0,0,0,0,0,0,0,Cowpen,616,2.57,196.57,177.06
CM5,0,1.5,69.3,2.3,26.1,0,0,0,0.8,0,0,0,0,0,0,0,0,0,0,0,0,0,0,0,0,0,0,0,0,0,0,0,0,0,0,0,0,0,0,0,0,0,0,0,0,0,0,0,0,0,0,0,Cowpen,659,2.47,192.27,173.63
CM6,0,2,70.7,3.6,23,0,0,0,0,0.1,0.1,0,0,0,0,0,0,0,0,0,0,0,0,0,0,0,0,0,0.6,0,0,0,0,0,0,0,0,0,0,0,0,0,0,0,0,0,0,0,0,0,0,0,Cowpen,908,2.42,190.13,171.92
CM7,0,1.2,76.5,7,14.8,0,0,0.2,0,0,0,0.3,0,0,0,0,0,0,0,0,0,0,0,0,0,0,0,0,0,0,0,0,0,0,0,0,0,0,0,0,0,0,0,0,0,0,0,0,0,0,0,0,Cowpen,661,2.38,188.41,170.55
CM8,0,2.5,72.9,5.3,19,0,0,0,0.2,0.1,0,0,0,0,0,0,0,0,0,0,0,0,0,0,0,0,0,0,0,0,0,0,0,0,0,0,0,0,0,0,0,0,0,0,0,0,0,0,0,0,0,0,Cowpen,621,2.33,186.27,168.84
CM9,0,3.3,69.5,3.4,21.8,0,0,0.2,0.9,1,0,0,0,0,0,0,0,0,0,0,0,0,0,0,0,0,0,0,0,0,0,0,0,0,0,0,0,0,0,0,0,0,0,0,0,0,0,0,0,0,0,0,Cowpen,699,2.27,183.69,166.78
CM10,0,2.8,71.4,10.4,14.6,0,0,0.5,0,0.3,0,0,0,0,0,0,0,0,0,0,0,0,0,0,0,0,0,0,0,0,0,0,0,0,0,0,0,0,0,0,0,0,0,0,0,0,0,0,0,0,0,0,Cowpen,732,2.22,181.55,165.07
CM11,0,2.3,63.9,26.4,3.8,0,0,0.3,0.4,1.2,1.7,0,0,0,0,0,0,0,0,0,0,0,0,0,0,0,0,0,0,0,0,0,0,0,0,0,0,0,0,0,0,0,0,0,0,0,0,0,0,0,0,0,Cowpen,446,2.18,179.83,163.7
CM12,0,1.5,52.8,32.8,7.9,0,0,1.2,0.2,2.6,1,0,0,0,0,0,0,0,0,0,0,0,0,0,0,0,0,0,0,0,0,0,0,0,0,0,0,0,0,0,0,0,0,0,0,0,0,0,0,0,0,0,Cowpen,305,2.22,181.55,165.07
CM13,0,3.3,44.1,32.8,15.3,0,0,2.2,0,0.5,0.5,0,0,0,0,0,0,0,0,0,0,0,0,0,0,0,0,0,0,0,0,0,0,0,0,0,0,0,0,0,0,0,0,0,0,0,0,0,0,0,0,0,Cowpen,236,2.17,179.4,163.36
CM14,0,2.3,49,35.7,4.3,0.2,0,4.8,0.2,2.6,0.9,0,0,0,0,0,0,0,0,0,0,0,0,0,0,0,0,0,0,0,0,0,0,0,0,0,0,0,0,0,0,0,0,0,0,0,0,0,0,0,0,0,Cowpen,307,2.14,178.11,162.33
CM15,0,1.3,52,24.2,2.9,0.6,0,11.6,0.2,5.3,1.4,0.4,0,0,0,0,0,0,0,0,0,0,0,0,0,0,0,0,0,0,0,0,0,0,0,0,0,0,0,0,0,0,0,0,0,0,0,0,0,0,0,0,Cowpen,276,2.09,175.97,160.62
CM16,0,0.9,42,10.9,1.9,0,0,25.7,5.3,8.9,4.2,0.1,0,0,0,0,0,0,0,0,0,0,0,0,0,0,0,0,0,0,0,0,0,0,0,0,0,0,0,0,0,0,0,0,0,0,0,0,0,0,0,0,Cowpen,323,2.04,173.82,158.9
CM17,0,0.5,12.6,8.3,2.1,0.6,0.7,35.9,4.5,23.5,7.7,2.4,0,0,0,0,0,0,0.5,0,0,0,0,0,0,0,0,0,0,0,0,0.9,0,0,0,0,0,0,0,0,0,0,0,0,0,0,0,0,0,0,0,0,Cowpen,176,1.99,171.67,157.19
CM18,0,0.7,7.2,9.5,1.2,1.4,0,42.9,10,19.1,7.5,0.1,0,0,0,0,0,0,0,0,0.2,0,0,0,0,0,0,0,0,0,0,0,0,0,0,0,0,0,0,0,0,0,0,0,0,0,0,0,0,0,0,0,Cowpen,234,1.94,169.53,155.48
CM19,0,0.1,9.8,3.5,4.2,2.8,1.7,41.5,15.7,10.7,9.1,0.7,0,0,0,0,0,0,0,0,0,0,0,0,0,0,0,0,0,0,0,0.4,0,0,0,0,0,0,0,0,0,0,0,0,0,0,0,0,0,0,0,0,Cowpen,237,1.88,166.95,153.43
CM20,0,0,11.9,0.4,0,1.9,8.3,36.9,5.6,15,15.9,0.7,0,0,0,0,0,0,0,0,2.3,0,0,0,0,0,0,0,0,0,0,0.5,0.6,0,0,0,0,0,0,0,0,0,0,0,0,0,0,0,0,0,0,0,Cowpen,148,1.74,160.94,148.63
CM21,0,0,1.3,0,0.5,5.7,3.8,45.7,8.3,7.6,14.7,3.9,0,0,0,0,0,0,1.8,0,2.1,0,0,0,0,0,0,0,0,0,0,0.9,0.4,0,0,0,0,0,0,0,0,0,0,0,0,0,0,0,0,0,0,0,Cowpen,272,1.52,151.5,141.1
CM22,0,0,1.8,0,0.5,4.7,7.1,46.9,0.2,10.6,13.4,3.8,0,0.1,0,0,0,0,0.6,0,0.4,0,0,0,0,0,0,0,0.1,0,1,1.9,0.9,0,0,0,0,0,0,0.1,0,0,0,0,0,0,0,0,0,0,0,0,Cowpen,532,1.32,142.92,134.25
CM23,0,0,1.6,0,0,1.9,6.7,51,1.3,10.9,12.9,4,0,0.1,0,0,0,0,0.5,0,0.5,0,0,0,0,0,0,0,0,0,0.9,1.4,1.2,0,0,0.2,0,0,0,0,0,0,0,0,0,0,0,0,0,0,0,0,Cowpen,636,1.13,134.76,127.74
CM24,0,0,2.1,0.2,0,4.3,7.5,41.3,0.9,7.2,20.5,5.5,0,0.1,0,0,0,0,1.5,0,0.8,0,0,0,0,0,0,0,0,0,0.2,1.5,0.6,0,0,0.6,0,0,0,0,0,0,0,0,0,0,0,0,0,0,0,0,Cowpen,491,0.93,126.18,120.89
CM25,0,0,5.9,0.2,0.1,3.5,6.1,49.4,0.4,6.3,15.1,3.7,0,0.1,0,0,0,0,0.2,0,0.6,0,0,0,0,0,0,0,0,0,1,0.3,0.4,0,0,0,0,0.3,0,0,0,0,0,0,0,0,0,0,0,0,0,0,Cowpen,506,0.72,117.17,113.7
CM26,0,0,2.8,0,0,5.5,6.3,44.2,1.6,10.6,17.8,3.2,0,0.1,0,0,0,0,0.6,0,1,0,0,0,0,0.1,0,0,0,0,0.6,1.4,0.8,0,0,0,0,0,0.5,0,0,0,0,0,0,0,0,0,0,0,0,0,Cowpen,401,0.54,109.44,107.53
CM27,0,0,3.5,0.3,0,6,3.9,52.8,1,4.6,14.6,3.5,0,0,0,0,0,0,1.2,0,0.3,0,0,0,0,0.1,0,0,0,0,1.1,2.7,0.4,0,0,0,0,0,0,0,0,0,0,0,0,0,0,0,0,0,0,0,Cowpen,457,0.36,101.72,101.37
CM28,0,0,6,0.3,0,7.8,3.9,44.3,1,7.3,14.5,4.7,0,0,0,0,0,0,1,0,1.3,0,0,0,0,0.1,0,0,0.9,0,1.3,2.3,0.4,0,0,0,0,0.1,0,0,0,0,0,0,0,0,0,0,0,0,0,0,Cowpen,446,0.17,93.56,94.86
CM29,0,0,7.2,0.6,0,7.5,4.4,39.5,1.8,9.1,17.4,4.1,0,1.5,0,0,0,0,1,0,0.2,0,0,0,0,0,0,0,0,0,0.3,1.5,0.6,0,0,0,0,0,0.6,0,0,0,0,0,0,0,0,0,0,0,0,0,Cowpen,310,-0.04,84.55,87.67
CM30,0,0,4.9,0.5,0,6.6,4.2,42.6,7.5,1.3,18.8,6,0.5,0.3,0,0,0,0,0.8,0,2.2,0,0,0,0,0,0,0,0,0,0.5,1.6,0,0,0,0,0,0.5,1.3,0,0,0,0,0,0,0,0,0,0,0,0,0,Cowpen,341,-0.22,76.82,81.51
CM31,0,0,5,0,0,6.3,2.9,36,11.4,2.1,17.5,7.7,0,0,0,0,0,0,0.7,0,0.7,0,0,0,0,0,0,0,0,0,0,0.7,0.7,0,0,0,0,0,2.1,0,0,0,0,0,0,0,0,0,0,0,0,0,Cowpen,256,-0.35,71.24,77.06
TM1,0,0,100,0,0,0,0,0,0,0,0,0,0,0,0,0,0,0,0,0,0,0,0,0,0,0,0,0,0,0,0,0,0,0,0,0,0,0,0,0,0,0,0,0,0,0,0,0,0,0,0,0,Thornham,32,4.32,229.85,200
TM2,0,0,77.3,5.9,13.7,0,0,0,0.7,1,0,0,0,0,0,0,0,0,0,0,0,0,0,0,0,0,0,0,0,0,0,0,0,0,0,0,0,0,0,0,0,0,0,0,0,0,0,0,0,0,0,0,Thornham,716,3.23,196.31,174.17
TM3,0,0,34.8,12.4,45.4,0,0,0,5.6,0.7,0.5,0.6,0,0,0,0,0,0,0,0,0,0,0,0,0,0,0,0,0,0,0,0,0,0,0,0,0,0,0,0,0,0,0,0,0,0,0,0,0,0,0,0,Thornham,1276,3.09,192,170.85
TM4,0,0,47.7,3,17.6,0,0,4.4,20,0.3,0.3,0.4,0,0,6.6,0,0,0,0,0,0,0,0,0,0,0,0,0,0,0,0,0,0,0,0,0,0,0,0,0,0,0,0,0,0,0,0,0,0,0,0,0,Thornham,1156,3.12,192.92,171.56
TM5,0,0,35.7,12.2,15.3,0,0,5.8,20,6.4,0.2,0,0,0,4.3,0,0,0,0,0,0,0,0,0,0,0,0,0,0,0,0,0,0,0,0,0,0,0,0,0,0,0,0,0,0,0,0,0,0,0,0,0,Thornham,1626,3.04,190.46,169.67
TM6,0,0,28.4,3.1,15.6,0,0,10,19.8,18.6,2,0.4,0,0,0.7,0,0,0,0,0,0,0,0,0,0,0,0,0,0,0,0,0,0,0,0,1.3,0,0,0,0,0,0,0,0,0,0,0,0,0,0,0,0,Thornham,1506,2.87,185.23,165.64
TM7,0,0,42.6,1.8,9.4,0,0,6.4,25.9,10.2,0,1.5,0,0,1.7,0,0,0,0,0,0,0,0,0,0,0,0,0,0,0,0,0,0,0,0,0.4,0,0,0,0,0,0,0,0,0,0,0,0,0,0,0,0,Thornham,2156,2.82,183.69,164.45
TM8,0,0,40.5,0,9.8,0,0,6.2,33.8,3.9,0.7,1.3,0,0,2.3,0,0,0,0,0,0,0,0,0,0,0,0,0,0,0,0,0,0,0,0,0,0,0,0,0,0,0,0,0,0,0,0,0,0,0,0,0,Thornham,1984,2.72,180.62,162.09
TM9,0,0,34.1,1.3,4.3,0,0,13.6,23,8.7,3,1.5,0,0,9.9,0,0,0,0,0,0,0,0,0,0,0,0,0,0,0,0,0,0,0,0,0.2,0,0,0.3,0,0,0,0,0,0,0,0,0,0,0,0,0,Thornham,1280,2.71,180.31,161.85
TM10,0,0,15.2,0,8.7,0.7,1.2,36.5,4,22.4,3.7,5.5,0,0,1,0,0,0,0,0,0,0,0.4,0,0,0,0,0,0,0,0,0,0,0.4,0,0.4,0,0,0.6,0,0,0,0,0,0,0,0,0,0,0,0,0,Thornham,1720,2.42,171.38,154.98
TM11,0,0,14.9,0,2.2,0.7,0,24.8,18.3,6.8,13.2,10.1,0,0,5.5,0,0,0,0,0,0,0,0,0,0,0,0,0,0,0,0,0,0,0,0,0.4,0,0,0,0,0,0,0,0,0,0,0,0,0,0,0,0,Thornham,1210,2.23,165.54,150.47
TM12,0,0,11,0.9,2.4,1.8,0,27.8,4.7,15.2,15.4,16.6,0,0,0,0,0,0,0.6,0,0,0,0.2,0,0,0,0,0,0,0,0,0.2,0,0.6,0,1.1,0,0,0.2,0,0,0,0,0,0,0,0,0,0,0,0,0,Thornham,1436,2.4,170.77,154.5
TM13,0,0,11.6,0,9.2,6,0,14.2,0,13,10.8,28.9,0,0,0,0,0,0,0,0,0,0,0,0,0,0,0,0,0,0,0,0,0,0,0,4.9,0,0,0,0,0,0,0,0,0,0,0,0,0,0,0,0,Thornham,464,2.64,178.15,160.19
TM14,0,0,72.9,0,21.1,2.4,0,0,0,0,1.2,0,0,0,0,0,0,0,0,0,0,0,0,0,0,0,0,0,0,0,0,0,0,0,0,1.2,0,0,0,0,0,0,0,0,0,0,0,0,0,0,0,0,Thornham,368,2.86,184.92,165.4
TM15,0,0,46.2,0,12,4.1,0,3.7,0,12.7,11,6.6,0,0,0,0,0,0,0,0,0,0,0,0,0,0,0,0,0,0,0,0,0,0,0,0,0,0,0,0,0,0,0,0,0,0,0,0,0,0,0,0,Thornham,276,2.75,181.54,162.8
TM16,0,0,65.4,0,10.4,0.7,0,4.3,0,3.2,5.7,8.9,0,0,0,0,0,0,0,0,0,0,0,0,0,0,0,0,0,0,0,0,0,0,0,0,0,0,0,0,0,0,0,0,0,0,0,0,0,0,0,0,Thornham,552,2.35,169.23,153.32
TM17,0,0,22.1,0,8.6,8.8,0,15.2,0.5,7.6,17.5,14.5,0,0,0,0,0,0,0,0,0.5,0,0.5,0,0,0,0,0,0,0,0,0,0,2,0,2,0,0,0,0,0,0,0,0,0,0,0,0,0,0,0,0,Thornham,608,2.15,163.08,148.58
TM18,0,0,10.5,0,3.7,2.9,0,14.1,0,9.6,29.4,25.3,0,0,0,0,0,0,0,0,0,0,1.3,0,0,0,0,0,0,0,0,0,0,0.8,0,0,0,0,0,0,0,0,0,0,0,0,0,0,0,0,0,0,Thornham,444,2.06,160.31,146.45
TM19,0,0,8.5,0,8.9,1.3,0,27.3,0,10,16.5,22.2,0,0,0,0,0,0,0,0,0.4,0,0.4,0,0,0,0,0,0,0,0,0,0,0.6,0,1.1,0,0,0,0,0,0,0,0,0,0,0,0,0,0,0,0,Thornham,736,1.87,154.46,141.94
TM20,0,0,9.2,0,1.7,4.2,0,20.6,0,10.3,25.5,27.3,0,0,0,0,0,0,1.3,0,0,0,0.7,0,0,0,0,0,0,0,0,0,0,0,0,0,0,0,0,0,0,0,0,0,0,0,0,0,0,0,0,0,Thornham,540,1.62,146.77,136.02
TM21,0,0,5.2,0,2.3,2.2,0,15.3,6.6,10.2,29.1,21.7,0,0,0,0,0,0,0.6,0,0,0,0.7,0,0,0,0,0,0,0,0,0,0,0,0,0.6,0,0,5.5,0,0,0,0,0,0,0,0,0,0,0,0,0,Thornham,848,0.99,127.38,121.09
TM22,0,0,2.1,0,0.5,5.8,0,14.7,0,7,16.2,50.9,0,0,0,0,0,0,0.5,0,0,0,0.5,0,0,0,0,0,0,0,0,0,0,0,0,0.5,0,0,1,0,0,0,0,0,0,0,0,0,0,0,0,0,Thornham,860,0.6,115.38,111.85
TM23,0,0,3.1,0,7,3.7,0,13.1,0,16.6,15.3,38.7,0,0,0,0,0,0,0.6,0,0,0,0,0,0,0,0,0,0,0,0,0,0,0,0,0,0,0,1.4,0,0,0,0,0,0,0,0,0,0,0,0,0,Thornham,1408,0.4,109.23,107.11
TM24,0,0,0,0,0,0.3,0,12.5,2.1,0,2.6,70.9,0,0,0,0,0,0,0,0,0,0,2.1,0,0,0,0,0,0,0,0,0,0,0,0,0,0,0,12.5,0,0,0,0,0,0,0,0,0,0,0,0,0,Thornham,148,0.21,103.38,102.61
WM1,0,0,1.9,0,0,0.5,0,83.3,1.2,0,3.2,3.8,0,0,0,0,0,0,0.5,0,0,0,0,0,0,0,0,0,1.3,0,0.5,0,0,0,0,0,0,0,0,0,0,0,0,0,0,0,0,0,0,0,0,0,Welwick,1267,2.5,157.9,157.9
WM2,0,0,0,0,0,0.5,0.5,84.3,1.1,0.9,1.4,10.4,0,0,0,0,0,0,0.5,0,0,0,0,0,0,0,0,0,0,0,0,0,0,0,0,0,0,0.5,0,0,0,0,0,0,0,0,0,0,0,0,0,0,Welwick,171,2.45,156.58,156.58
WM3,0,0,0,0,0,0,0,88.6,1.7,0,2.9,2.9,0,0,0.3,0,0,0,0.6,0,0,0,0,0,0,0,0,0,0.7,0,0.7,0.3,0,0,0,0,0,0.3,0,0,0,0,0,0,0,0,0,0,0,0,0,0,Welwick,115,2.55,159.21,159.21
WM4,0,0,0,0,0,0.4,0.2,90.4,0.8,0,2,5.5,0,0,0.6,0,0,0,0,0,0,0,0,0,0,0,0,0,0,0,0,0,0,0,0,0,0,0,0,0,0,0,0,0,0,0,0,0,0,0,0,0,Welwick,275,2.6,160.53,160.53
WM5,0,0,0,0,0,0,4.4,72,6.1,0,1.3,8.3,0,0,0,0,0,0,2.5,0,0,0,0,0,0,0,0,0,4.2,0,0,0,0,0,0,0,0,0,0,0,0,0,0,0,0,0,0,0,0,0,0,0,Welwick,174,2.64,161.58,161.58
WM6,0,0,0,0,0,0,0,83.7,1.8,0,5,5.2,0,0,1,0,0,0,0.8,0,0,0,0,0,0,0,0,0,0,0,0.8,0,0,0,0,0,0,0,0,0,0,0,0,0,0,0,0,0,0,0,0,0,Welwick,193,2.66,162.11,162.11
WM7,0,0,3.6,0,0,0,0,78.7,0.3,0.3,0,8.4,0,0,0.2,0,0,0,1.3,0,0,0,0,0,0,0,0,0,3.6,0,0,3.6,0,0,0,0,0,0,0,0,0,0,0,0,0,0,0,0,0,0,0,0,Welwick,297,2.68,162.63,162.63
WM8,0,0,0,0,0,0,1.1,88.6,0.8,4.8,2.1,3.8,0,0,0.2,0,0,0,0,0,0,0,0,0,0,0,0,0,0,0,0.2,0,0,0,0,0,0,0,0,0,0,0,0,0,0,0,0,0,0,0,0,0,Welwick,399,2.67,162.37,162.37
WM9,0,0,2.1,0,0,0.7,2,87.7,0.4,2.1,0.7,2.9,0,0,0,0,0,0,0.7,0,0,0,0,0,0,0,0,0,0,0,0,0,0,0,0,0,0,0,0,0,0,0,0,0,0,0,0,0,0,0,0,0,Welwick,417,2.69,162.9,162.9
WM10,0,0,1.1,0,0,0,0.8,89.9,1,2.6,0,4.1,0,0,0,0,0,0,0,0,0,0,0,0,0,0,0,0,0,0,0.3,0,0,0,0,0,0,0,0,0,0,0,0,0,0,0,0,0,0,0,0,0,Welwick,335,2.71,163.42,163.42
WM11,0,0,0,0,0,0,0,69.5,0.6,8.4,2,16.8,0,0,1.4,0,0,0,0,0,0,0,0,0,0,0,0,0,0,0,0,0,0,0,0,0,0,0,0,0,0,0,0,0,0,0,0,0,0,0,0,0,Welwick,723,2.74,164.21,164.21
WM12,0,0,0,0,0,0,0.6,78.8,1.2,7.2,5.7,4.8,0,0,0,0,0,0,0.3,0,0.3,0,0,0,0,0,0,0,0,0,0.3,0,0,0,0,0.3,0,0,0,0,0,0,0,0,0,0,0,0,0,0,0,0,Welwick,453,2.91,168.68,168.68
WM13,0,0,7.8,0,0,0,1,69.7,0.3,7.4,1.5,5.4,0,0,0,0,0,0,2.8,0,0.5,0,0,0,0,0,0,0,0,0,1,0.5,0,0,0,0,0,0,0,0,0,0,0,0,0,0,0,0,0,0,0,0,Welwick,1253,2.95,169.74,169.74
WM14,0,0,32.2,0,0,0.6,0,48.3,0.3,0.3,1.1,5.6,0,0,0,0,0,0,0.3,0,0,0,0,0,0,0,0,0,0.3,0,5.3,0,0,0,0,5,0,0,0,0,0,0,0,0,0,0,0,0,0,0,0,0,Welwick,1417,3.09,173.42,173.42
WM15,0,0,24.6,0,3.6,0,0,59.6,6.7,0,2.7,0.4,0,0,0,0,0,0,0.9,0,0,0,0,0,0,0,0,0,0,0,0.9,0.4,0,0,0,0,0,0,0,0,0,0,0,0,0,0,0,0,0,0,0,0,Welwick,407,3.14,174.74,174.74
WM16,0,0,14.8,0,2.5,0.9,0,65.4,0,1.6,0,0,0,0,0.9,0,0,0,0,0,1.6,0,0,0,0,0,0,0,2.4,0,0.9,0,0,0,0,0,0,0,0,2.5,0,0,0,0,0,0,0,0,0,0,0,0,Welwick,317,3.29,178.68,178.68
WM17,0,0,18.1,0,0,1.5,3,42.9,0,0.7,5.7,1.5,0,0,2.2,0,0,0,0,0,0,0,0,0,0,0,0,0,2,0,1.5,2.8,0,0,0,0,0,0,1.5,0,0,0,0,0,0,0,0,0,0,0,0,0,Welwick,710,3.37,180.79,180.79
WM18,0,0,52.1,0,0,1.6,3.2,10.3,0,0,14.3,0,0,0,1.6,0,0,0,0,0,0,0,0,0,0,0,0,0,7.1,0,8.3,1.6,0,0,0,0,0,0,0,0,0,0,0,0,0,0,0,0,0,0,0,0,Welwick,690,3.4,181.58,181.58
WM19,0,0,72.2,0,0,0,0,14.3,1.6,0,4.8,0,0,0,0,0,0,0,0,0,0,0,0,0,0,0,0,0,0,0,0,4.8,0,0,0,0,0,2.4,0,0,0,0,0,0,0,0,0,0,0,0,0,0,Welwick,884,3.48,183.68,183.68
WM20,0,0,76.7,3.3,0,0,0,11,0,0,0.3,0,0,0,0,0,0,0,5.6,0,0,0,0,0,0,0,0,0,0,0,0,0,0,0,0,0,0,0,0,0,0,0,0,0,0,0,0,0,0,0,0,0,Welwick,604,3.54,185.26,185.26
Y1,0,0,0,0,0,0,0,0,0,0,0,0,0,0,0,0,0,0,0,0,0,0,0,0,0,0,0,0,0,0,0,0,0,0,0,0,0,0,0,0,0,0,0,0,0,0,0,0,0,0,0,0,Ythan,0,2.69,213.81,211.16
Y2,0,0,0,0,0,0,0,0,0,0,0,0,0,0,0,0,0,0,0,0,0,0,0,0,0,0,0,0,0,0,0,0,0,0,0,0,0,0,0,0,0,0,0,0,0,0,0,0,0,0,0,0,Ythan,0,2.53,206.19,203.72
Y3,0,0,0,0,0,0,0,0,0,0,0,0,0,0,0,0,0,0,0,0,0,0,0,0,0,0,0,0,0,0,0,0,0,0,0,0,0,0,0,0,0,0,0,0,0,0,0,0,0,0,0,0,Ythan,0,2.66,212.38,209.77
Y4,0,0,0,0,0,0,0,0,0,0,0,0,0,0,0,0,0,0,0,0,0,0,0,0,0,0,0,0,0,0,0,0,0,0,0,0,0,0,0,0,0,0,0,0,0,0,0,0,0,0,0,0,Ythan,0,2.56,207.62,205.12
Y5,0,0,0,0,0,0,0,0,0,0,0,0,0,0,0,0,0,0,0,0,0,0,0,0,0,0,0,0,0,0,0,0,0,0,0,0,0,0,0,0,0,0,0,0,0,0,0,0,0,0,0,0,Ythan,0,2.5,204.76,202.33
Y6,0,0,100,0,0,0,0,0,0,0,0,0,0,0,0,0,0,0,0,0,0,0,0,0,0,0,0,0,0,0,0,0,0,0,0,0,0,0,0,0,0,0,0,0,0,0,0,0,0,0,0,0,Ythan,3,2.45,202.38,200.00
Y7,37.5,0,50,12.5,0,0,0,0,0,0,0,0,0,0,0,0,0,0,0,0,0,0,0,0,0,0,0,0,0,0,0,0,0,0,0,0,0,0,0,0,0,0,0,0,0,0,0,0,0,0,0,0,Ythan,8,2.39,199.52,197.21
Y8,33.3,0,50,16.7,0,0,0,0,0,0,0,0,0,0,0,0,0,0,0,0,0,0,0,0,0,0,0,0,0,0,0,0,0,0,0,0,0,0,0,0,0,0,0,0,0,0,0,0,0,0,0,0,Ythan,6,2.3,195.24,193.02
Y9,21.4,0,57.1,21.4,0,0,0,0,0,0,0,0,0,0,0,0,0,0,0,0,0,0,0,0,0,0,0,0,0,0,0,0,0,0,0,0,0,0,0,0,0,0,0,0,0,0,0,0,0,0,0,0,Ythan,14,2.24,192.38,190.23
Y10,36,8,56,0,0,0,0,0,0,0,0,0,0,0,0,0,0,0,0,0,0,0,0,0,0,0,0,0,0,0,0,0,0,0,0,0,0,0,0,0,0,0,0,0,0,0,0,0,0,0,0,0,Ythan,25,2.15,188.10,186.05
Y11,0,0,0,0,0,0,0,0,0,0,0,0,0,0,0,0,0,0,0,0,0,0,0,0,0,0,0,0,0,0,0,0,0,0,0,0,0,0,0,0,0,0,0,0,0,0,0,0,0,0,0,0,Ythan,0,2.36,198.10,195.81
Y12,2.6,71.8,25.6,0,0,0,0,0,0,0,0,0,0,0,0,0,0,0,0,0,0,0,0,0,0,0,0,0,0,0,0,0,0,0,0,0,0,0,0,0,0,0,0,0,0,0,0,0,0,0,0,0,Ythan,78,2.28,194.29,192.09
Y13,14.7,2.9,64.7,17.6,0,0,0,0,0,0,0,0,0,0,0,0,0,0,0,0,0,0,0,0,0,0,0,0,0,0,0,0,0,0,0,0,0,0,0,0,0,0,0,0,0,0,0,0,0,0,0,0,Ythan,34,2.01,181.43,179.53
Y14,1.9,0,84.9,13.2,0,0,0,0,0,0,0,0,0,0,0,0,0,0,0,0,0,0,0,0,0,0,0,0,0,0,0,0,0,0,0,0,0,0,0,0,0,0,0,0,0,0,0,0,0,0,0,0,Ythan,212,1.96,179.05,177.21
Y15,13.8,1.5,75.4,9.2,0,0,0,0,0,0,0,0,0,0,0,0,0,0,0,0,0,0,0,0,0,0,0,0,0,0,0,0,0,0,0,0,0,0,0,0,0,0,0,0,0,0,0,0,0,0,0,0,Ythan,260,1.89,175.71,173.95
Y16,3.6,10.7,48.2,37.5,0,0,0,0,0,0,0,0,0,0,0,0,0,0,0,0,0,0,0,0,0,0,0,0,0,0,0,0,0,0,0,0,0,0,0,0,0,0,0,0,0,0,0,0,0,0,0,0,Ythan,224,1.84,173.33,171.63
Y17,0,0,0,0,0,0,0,0,0,0,0,0,0,0,0,0,0,0,0,0,0,0,0,0,0,0,0,0,0,0,0,0,0,0,0,0,0,0,0,0,0,0,0,0,0,0,0,0,0,0,0,0,Ythan,0,2.18,189.52,187.44
Y18,0,97.1,2.9,0,0,0,0,0,0,0,0,0,0,0,0,0,0,0,0,0,0,0,0,0,0,0,0,0,0,0,0,0,0,0,0,0,0,0,0,0,0,0,0,0,0,0,0,0,0,0,0,0,Ythan,960,1.79,170.95,169.30
Y19,0,93.4,6.6,0,0,0,0,0,0,0,0,0,0,0,0,0,0,0,0,0,0,0,0,0,0,0,0,0,0,0,0,0,0,0,0,0,0,0,0,0,0,0,0,0,0,0,0,0,0,0,0,0,Ythan,972,1.71,167.14,165.58
Y20,0,40,51.7,8.3,0,0,0,0,0,0,0,0,0,0,0,0,0,0,0,0,0,0,0,0,0,0,0,0,0,0,0,0,0,0,0,0,0,0,0,0,0,0,0,0,0,0,0,0,0,0,0,0,Ythan,240,1.66,164.76,163.26
Y21,0,33.3,63.3,3.3,0,0,0,0,0,0,0,0,0,0,0,0,0,0,0,0,0,0,0,0,0,0,0,0,0,0,0,0,0,0,0,0,0,0,0,0,0,0,0,0,0,0,0,0,0,0,0,0,Ythan,60,1.62,162.86,161.40
Y22,0,25.9,67.9,6.2,0,0,0,0,0,0,0,0,0,0,0,0,0,0,0,0,0,0,0,0,0,0,0,0,0,0,0,0,0,0,0,0,0,0,0,0,0,0,0,0,0,0,0,0,0,0,0,0,Ythan,324,1.58,160.95,159.53
Y23,0,31.9,68.1,0,0,0,0,0,0,0,0,0,0,0,0,0,0,0,0,0,0,0,0,0,0,0,0,0,0,0,0,0,0,0,0,0,0,0,0,0,0,0,0,0,0,0,0,0,0,0,0,0,Ythan,288,1.5,157.14,155.81
Y24,0,20.9,74.4,4.7,0,0,0,0,0,0,0,0,0,0,0,0,0,0,0,0,0,0,0,0,0,0,0,0,0,0,0,0,0,0,0,0,0,0,0,0,0,0,0,0,0,0,0,0,0,0,0,0,Ythan,344,1.44,154.29,153.02
Y25,0,13.7,85,1.3,0,0,0,0,0,0,0,0,0,0,0,0,0,0,0,0,0,0,0,0,0,0,0,0,0,0,0,0,0,0,0,0,0,0,0,0,0,0,0,0,0,0,0,0,0,0,0,0,Ythan,301,1.41,152.86,151.63
Y26,0,9.3,74.4,16.3,0,0,0,0,0,0,0,0,0,0,0,0,0,0,0,0,0,0,0,0,0,0,0,0,0,0,0,0,0,0,0,0,0,0,0,0,0,0,0,0,0,0,0,0,0,0,0,0,Ythan,172,1.36,150.48,149.30
Y27,0,4.1,47.3,48.6,0,0,0,0,0,0,0,0,0,0,0,0,0,0,0,0,0,0,0,0,0,0,0,0,0,0,0,0,0,0,0,0,0,0,0,0,0,0,0,0,0,0,0,0,0,0,0,0,Ythan,148,1.31,148.10,146.98
Y28,0,0,32.4,28.2,0,0,0,11.3,1.4,26.8,0,0,0,0,0,0,0,0,0,0,0,0,0,0,0,0,0,0,0,0,0,0,0,0,0,0,0,0,0,0,0,0,0,0,0,0,0,0,0,0,0,0,Ythan,142,1.22,143.81,142.79
Y29,0,0,6.3,3.2,0,0,0,15.9,0,34.9,0,0,1.6,0,0,0,0,0,0,0,0,0,0,0,0,0,0,0,0,0,0,4.8,25.4,0,0,0,0,0,0,0,6.3,1.6,0,0,0,0,0,0,0,0,0,0,Ythan,252,1.14,140.00,139.07
Y30,0,0,0.8,2.4,0,0,0,42.3,1.6,12.2,0,0,0,0,0,0,0,0,0,0,0,0,0,0,0,0,0,0,0,0,0,4.9,25.2,0,0,0,0,0,0,0,9.8,0.8,0,0,0,0,0,0,0,0,0,0,Ythan,492,1.12,139.05,138.14
Y31,0,0,0.6,1.9,0,0,0,30.8,0,12.6,0,0,0,0,0,0,0,0,0,0,0,0,0,0,0,0,0,0,0,0,0,8.8,30.2,0,0,0,0,0,0,0,14.5,0.6,0,0,0,0,0,0,0,0,0,0,Ythan,159,1.07,136.67,135.81
Y32,0,0,0.6,3.3,0,0,0,27.2,0,6.1,0,0,0,0,0,0,0,0,0,0,0,0,0,1.7,0,0,0,0,0,0,0,10.6,33.9,0,0,1.7,0,0,0,0,14.4,0.6,0,0,0,0,0,0,0,0,0,0,Ythan,720,0.99,132.86,132.09
Y33,0,0,2.4,1.8,0,0,0,14.9,0,10.7,0,0,1.2,0,0,0,0,0,0,0,0,0,0,0.6,0,0,0,0,0.6,0,0,14.3,29.2,0,0,4.2,0,0,0,0,19.6,0.6,0,0,0,0,0,0,0,0,0,0,Ythan,672,0.93,130.00,129.30
Y34,0,27.6,0,3.1,0,0,0,5.1,5.1,23.5,0,0,0,0,0,0,0,0,0,0,0,0,0,7.1,0,0,0,0,20.4,0,0,1,0,0,0,5.1,0,0,0,0,1,1,0,0,0,0,0,0,0,0,0,0,Ythan,392,0.82,124.76,124.19
Y35,0,31.1,0,8.2,0,0,0,13.1,0,14.8,0,0,0,0,0,0,0,0,0,0,0,0,0,9.8,0,0,0,0,21.3,0,0,0,0,0,0,0,0,0,0,0,0,1.6,0,0,0,0,0,0,0,0,0,0,Ythan,244,0.73,120.48,120.00
Y36,0,26.8,0,8.9,0,0,0,17.1,2.4,15.4,0,0,0,0,0,0,0,0,0,0,0,0,0,5.7,0,0,0,0,15.4,0,0,1.6,1.6,0,0,2.4,0,0,0,0,0,2.4,0,0,0,0,0,0,0,0,0,0,Ythan,492,0.62,115.24,114.88
Y37,0,33.3,0,0,0,0,0,19.3,0.9,14,0,0,0,0,0,0,0,0,0,0,0,0,0,5.3,0,0,0,0,16.7,0,0,1.8,0,0,0,1.8,0,0,0,0,2.6,4.4,0,0,0,0,0,0,0,0,0,0,Ythan,456,0.49,109.05,108.84
K1,50,0,50,0,0,0,0,0,0,0,0,0,0,0,0,0,0,0,0,0,0,0,0,0,0,0,0,0,0,0,0,0,0,0,0,0,0,0,0,0,0,0,0,0,0,0,0,0,0,0,0,0,Kjelst,2,1.61,226.86,181.56
K2,69.2,7.7,0,0,0,0,0,0,0,0,0,0,0,0,0,0,0,0,0,0,0,0,0,0,0,0,0,0,0,0,0,0,0,0,0,0,0,0,0,0,0,0,23.1,0,0,0,0,0,0,0,0,0,Kjelst,13,1.63,229.5,183.66
K3,98.4,0,0,0,0,0,0,0,0,0,0,0,0,0,0,0,0,0,0,0,0,0,0,0,0,0,0,0,1.6,0,0,0,0,0,0,0,0,0,0,0,0,0,0,0,0,0,0,0,0,0,0,0,Kjelst,64,1.51,218.05,174.53
K4,83.3,0,0,0,0,0,0,0,0,0,0,0,0,0,0,0,0,0,0,0,0,0,0,0,0,0,0,0,0,0,0,0,0,0,0,0,0,0,0,0,0,0,16.7,0,0,0,0,0,0,0,0,0,Kjelst,12,1.72,236.95,189.6
K5,75,0,12.5,0,0,0,0,0,0,0,0,0,0,0,0,0,0,0,0,0,0,0,0,0,0,0,0,0,0,0,0,0,0,0,0,0,0,0,0,0,0,0,12.5,0,0,0,0,0,0,0,0,0,Kjelst,8,1.65,230.59,184.53
K6,46.2,0,23.1,0,0,0,0,0,0,0,0,0,0,0,0,0,0,0,0,0,0,0,0,0,0,0,0,0,0,0,0,0,0,0,0,0,0,0,0,0,0,0,15.4,0,15.4,0,0,0,0,0,0,0,Kjelst,13,1.71,236.14,188.95
K7,10,0,50,0,0,0,0,0,0,0,0,0,0,0,0,0,0,0,0,0,0,0,0,0,0,0,0,0,20,0,0,0,0,0,0,0,0,0,0,0,0,0,20,0,0,0,0,0,0,0,0,0,Kjelst,10,1.72,237.05,189.67
K8,40,0,40,0,0,0,0,0,0,0,0,0,0,0,0,0,0,0,0,0,0,0,0,0,0,0,0,0,20,0,0,0,0,0,0,0,0,0,0,0,0,0,0,0,0,0,0,0,0,0,0,0,Kjelst,5,1.69,234.41,187.57
K9,48.4,0,16.1,0,0,0,0,0,0,0,0,0,0,0,0,0,0,0,0,0,0,0,0,0,0,0,0,0,6.5,0,0,0,0,0,0,0,0,0,0,0,0,0,22.6,0,0,6.5,0,0,0,0,0,0,Kjelst,31,1.54,221.14,176.99
K10,76.2,0.4,22.1,0,0,0,0,0,0,0,0,0,0,0,0,0,0,0,0,0,0,0,0,0,0,0,0,0,0.4,0,0,0,0,0,0,0,0,0,0,0,0,0,0.4,0,0,0.4,0,0,0,0,0,0,Kjelst,235,1.59,225.14,180.18
K11,94.9,0,2.6,0,0,0,0,0,0,0,0,0,0,0,0,0,0,0,0,0,0,0,0,0,0,0,0,0,2.6,0,0,0,0,0,0,0,0,0,0,0,0,0,0,0,0,0,0,0,0,0,0,0,Kjelst,39,1.69,234.5,187.64
K12,8.3,0,75,0,0,0,0,0,0,0,0,0,0,0,0,0,0,0,0,0,0,0,0,0,0,0,0,0,8.3,0,0,0,0,0,0,0,0,0,0,0,0,0,8.3,0,0,0,0,0,0,0,0,0,Kjelst,12,1.56,222.77,178.3
K13,52.4,0,42.9,0,0,0,0,0,0,0,0,0,0,0,0,0,0,0,0,0,0,0,0,0,0,0,0,0,0,0,0,0,0,0,0,0,0,0,0,0,0,0,4.8,0,0,0,0,0,0,0,0,0,Kjelst,21,1.75,240.14,192.14
K14,47.8,0,21.7,0,0,0,0,0,0,0,0,0,0,0,0,0,0,0,0,0,0,0,0,0,0,0,0,0,8.7,0,0,0,0,0,0,0,0,0,0,0,0,0,4.3,0,0,17.4,0,0,0,0,0,0,Kjelst,23,1.77,241.68,193.37
K15,63.9,0,25,0,0,0,0,0,0,0,0,0,0,0,0,0,0,0,0,0,0,0,0,0,0,0,0,0,0,0,0,0,0,0,0,0,0,0,0,0,0,0,11.1,0,0,0,0,0,0,0,0,0,Kjelst,36,1.79,243.5,194.82
K16,51.7,0,24.1,6.9,3.4,0,0,0,0,0,0,0,0,0,0,0,0,0,0,0,0,0,0,0,0,0,0,0,3.4,0,0,0,0,0,0,0,0,0,0,0,0,0,3.4,0,0,6.9,0,0,0,0,0,0,Kjelst,29,1.82,246.14,196.92
K17,62.3,0,27.5,1.4,0,0,0,0,0,0,0,0,0,0,0,0,0,0,0,0,0,0,0,0,0,0,0,0,4.3,0,0,0,0,0,0,0,0,0,0,0,0,0,4.3,0,0,0,0,0,0,0,0,0,Kjelst,69,1.86,250.41,200.33
K18,83.6,0,13.1,2.5,0,0,0,0,0,0,0,0,0,0,0,0,0,0,0,0,0,0,0,0,0,0,0,0,0.8,0,0,0,0,0,0,0,0,0,0,0,0,0,0,0,0,0,0,0,0,0,0,0,Kjelst,122,1.76,240.86,192.72
K19,74,0,24.7,0,0,0,0,0,0,0,0,0,0,0,0,0,0,0,0,0,0,0,0,0,0,0,0,0,0.6,0,0,0,0,0,0,0,0,0,0,0,0,0,0.6,0,0,0,0,0,0,0,0,0,Kjelst,154,1.71,236.68,189.38
K20,21.3,0,59,1.1,0,0,0,0,0,0,2.8,1.7,0,0,0,0,0,0,0,0,0,0,0,0,0,0,0,0,0,0,0,0,0,0,0,0,0,0,0,0,0,0,8.4,3.4,0,2.2,0,0,0,0,0,0,Kjelst,178,1.49,216.14,173.01
K21,36.2,0,60.1,1.1,0,0,0,0,0,0,0,0,0,0,0,0,0,0,0,0,0,0,0,0,0,0,0,0,0.5,0,0,0,0,0,0,0,0,0,0,0,0,0,1.6,0,0,0.5,0,0,0,0,0,0,Kjelst,188,1.3,199.41,159.67
K22,14.6,0,73,2.2,0,0,0,0,0,0,0,1.1,0,0,0,0,0,0,0,0,0,0,0,0,0,0,0,0,3.4,0,0,0,0,0,0,0,0,0,0,0,0,0,3.4,2.2,0,0,0,0,0,0,0,0,Kjelst,89,1.19,188.77,151.2
K23,1.5,0,39.7,2.9,0,0,0,0,0,1.5,28.7,2.9,0,0,0,0,0,0,0,0,0,0,0,0,0,0,0,0,2.2,0,0,0,0,0,0,0,0,0,0,0,0,0,8.8,1.5,0,0,2.2,0.7,7.4,0,0,0,Kjelst,136,1.07,177.86,142.5
K24,6.3,0,37.5,8.3,0,0,0,0,0,0,16.7,22.9,0,0,0,0,0,0,0,0,0,0,0,0,0,0,0,0,0,0,0,0,0,0,0,0,0,0,0,0,0,0,6.3,0,0,2.1,0,0,0,0,0,0,Kjelst,48,1.01,172.86,138.51
K25,18.2,0,63.6,7.3,0,0,0,0,0,0,0,9.1,0,0,0,0,0,0,0,0,0,0,0,0,0,0,0,0,0,0,0,0,0,0,0,0,0,0,0,0,0,0,0,1.8,0,0,0,0,0,0,0,0,Kjelst,55,0.89,161.77,129.67
K26,0,0,66.7,28.2,0,0,0,0,0,0,0,0,0,0,0,0,0,0,0,0,0,0,0,0,0,0,0,0,0,0,0,0,0,0,0,0,0,0,0,0,0,0,5.1,0,0,0,0,0,0,0,0,0,Kjelst,117,0.85,158.59,127.14
K27,0,0,48.6,0,0,0,0,0,0,0,28.8,4.5,0,0,0,0,0,0,0,0,0,0,0,0,0,0,0,0,2.7,0,0,0,0,0,0,0,0,0,0,0,0,0,14.4,0,0,0,0,0.9,0,0,0,0,Kjelst,111,0.74,148.05,118.73
SyRa I 1,0,0,0,0,0,0,0,0,0,0,0,0,0,0,0,0,0,0,0,0,0,0,0,0,0,0,0,0,0,0,0,0,0,0,0,0,0,0,0,0,0,0,0,0,0,0,0,0,0,0,0,0,Rantum,0,2.45,253.42,210.31
SyRa I 2,0,0,0,0,0,0,0,0,0,0,0,0,0,0,0,0,0,0,0,0,0,0,0,0,0,0,0,0,0,0,0,0,0,0,0,0,0,0,0,0,0,0,0,0,0,0,0,0,0,0,0,0,Rantum,0,1.72,208.07,172.68
SyRa I3,6.4,21.8,56.4,0,7.9,0,0,3,0,0,0,0,0,0,0,0,0,0,0,0,0,0,0,0,0,0,0,0,1.5,0,0,0,0,0,0,0,0,0,0,0,0,0,2,0,0,0,0,0,0,1,0,0,Rantum,202,1.84,215.53,178.87
SyRa I4,3.9,15,72.7,0,4.3,0,0,1.7,0,0,0,0,0,0,0,0,0,0,0,0,0,0,0,0,0,0,0,0,0,0,0,0,0,0,0,0,0,0,0,0,0,0,0,0,0,0,0,0,0,2.6,0,0,Rantum,234,1.62,201.86,167.53
SyRa I5,5.7,39.2,30.8,0.6,12,0,0,10.8,0,0,0,0,0,0,0,0,0,0,0,0,0,0,0,0,0,0,0,0,0,0,0,0,0,0,0,0,0,0,0,0,0,0,0,0,0,0,0,0,0,0.9,0,0,Rantum,334,1.6,200.62,166.49
SyRa I6,4.2,35.6,37.8,0.5,11.8,0,0,9.8,0,0,0,0,0,0,0,0,0,0,0,0,0,0,0,0,0,0,0,0,0,0,0,0,0,0,0,0,0,0,0,0,0,0,0,0,0,0,0,0,0,0.3,0,0,Rantum,407,1.46,191.93,159.28
SyRa I7,1.5,41,31.4,0,7.2,0,0,18,0,0.3,0.3,0,0,0,0,0,0,0,0,0,0,0,0,0,0,0,0,0,0,0,0,0,0,0,0,0,0,0,0,0,0,0,0,0,0,0,0,0,0,0.3,0,0,Rantum,334,1.42,189.44,157.22
SyRa I 8,0,82.3,3.7,0,3.4,0,0,2.8,0,0.6,0,0,0,0,0,0,0,0,0,0,0,0,0,0,0,0,0,0,0.6,0,0,0,0,0,0,0,0,0,0,0,0,0,2.2,0,0,0,0,0,0,0,4.4,0,Rantum,322,0.77,149.07,123.71
SyRa I 9,0,59.9,3.8,0.3,1.4,0,0,0,0,0,0,0,0,0,0,0,0,0,0,0,0,0,0,0,0,0,0,0,0,0,0,0,0,0,0,0,0,0,0,0,0,0,0,0,0,0,0,0,0,0,34.6,0,Rantum,292,0.66,142.24,118.04
SyRa I 10,0,17.7,0,0,0,0,0,0,0,0,0,0,0,0,0,0,0,0,0,0,0,0,0,0,0,0,0,0,0,0,0,0,0,0,0,0,0,0,0,0,0,0,0,0,0,0,0,0,0,0,82.4,0,Rantum,51,0.51,132.92,110.31
SyRa I 11,0,17,0,0,0,0,0,0,0,0,0,0,0,0,0,0,0,0,0,0,0,0,0,0,0,0,0,0,0,0,0,0,0,0,0,0,0,0,0,0,0,0,0,0,0,0,0,0,0,0,83,0,Rantum,94,0.46,129.81,107.73
SyRa I 12,0,0,0,0,0,0,0,0,0,0,0,0,0,0,0,0,0,0,0,0,0,0,0,0,0,0,0,0,0,0,0,0,0,0,0,0,0,0,0,0,0,0,0,0,0,0,0,0,0,0,0,0,Rantum,0,0.95,160.25,132.99
SyRa II 1,0,7.1,68.1,13.3,0,0,0,6.7,3.8,0,0,0,0,0,0,0,0,0,0,0,0,0,0,0,0,0,0,0,0.5,0,0,0,0,0,0,0,0,0,0,0,0,0,0.5,0,0,0,0,0,0,0,0,0,Rantum,210,2.05,228.57,189.69
SyRa II 2,0,18.1,67.5,1.1,0.4,0,0,11.2,0.7,0,0,0,0,0,0,0,0,0,0,0,0,0,0,0,0,0,0,0,0,0,0,0,0,0,0,0,0,0,0,0,0,0,0.7,0,0,0,0,0,0,0,0.4,0,Rantum,277,1.91,219.88,182.47
SyRa II 3,0,15.4,42.6,0.5,0,0,0,6.9,0,5,2,0.5,0,0,0,0,0,0,0,0,0,0,0,0,0,0,0,0,0,0,0,0,0,0,0,0,0,0,0,0,0,0,26.7,0,0,0,0,0,0,0.5,0,0,Rantum,202,1.41,188.82,156.7
SyRa II 4,0,5.9,9.6,0,0,0,0,22.2,0,42.2,5.9,0,0,0,0,0,0,0,0,0,0,0,0,0,0,0,0,0,0,0,0,0,0,0,0,0,0,0,0,0,0,0,12.6,0,0,0,0,0,0,0.7,0.7,0,Rantum,135,1.98,224.22,186.08
SyRa II 5,0,46.7,16.6,0,0,0,0,15.1,0,7.5,1,0,0,0,0,0,0,0,0,0,0,0,0,0,0,0,0,0,0,0,0,0,0,0,0,0,0,0,0,0,0,0,8,0,0,0,0,0,0,0,5,0,Rantum,199,1.48,193.17,160.31
SyRa II 6,0,88.9,6.4,0,0,0,0,0.9,0,0.9,0,0,0,0,0,0,0,0,0,0,0,0,0,0,0,0,0,0,0.4,0,0,0,0,0,0,0,0,0,0,0,0,0,0.9,0,0,0,0,0,0,0,1.7,0,Rantum,234,1.39,187.58,155.67
SyRa II 7,0,35.8,45.8,0.6,0.3,0,0,0.3,0.9,0,0,0,0,0,0,0,0,0,0,0,0,0,0,0,0,0,0,0,0,0,0,0,0,0,0,0,0,0,0,0,0,0,0,0,0,0,0,0,0,0,16.2,0,Rantum,321,1.11,170.19,141.24
SyRa II 8,0,37.5,8,0,0,0,0,38.5,0,0.6,0,0.6,0,0,0,0,0,0,0,0,0,0,0,0,0,0,0,0,0,0,0,0,0,0,0,0,0,0,0,0,0,0,8.3,0,0,0,0,0,0,0,6.5,0,Rantum,325,1.18,174.53,144.85
SyRa II 9,0,44.7,9.6,0,0,0,0,13.8,0,0,0,0,0,0,0,0,0,0,0,0,0,0,0,0,0,0,0,0,0,0,0,0,0,0,0,0,0,0,0,0,0,0,0,0,0,0,0,0,0,0,31.9,0,Rantum,94,0.88,155.9,129.38
SyRa II 10,0,24.8,7.4,0,0,0,0,1,0.5,2,12.9,0,0,0,0,0,0,0,0,0,0,0,0,0,0,0,0,0,0.5,0,0,0,0,0,0,0,0,0,0,0,0,0,0,0,0,0,0,0,0,1,50,0,Rantum,202,0.67,142.86,118.56
SyRa II 11,0,0,0,0,0,0,0,0,0,0,0,0,0,0,0,0,0,0,0,0,0,0,0,0,0,0,0,0,0,0,0,0,0,0,0,0,0,0,0,0,0,0,0,0,0,0,0,0,0,0,0,0,Rantum,0,0.61,139.13,115.46
SyRa II12,0,0,0,0,0,0,0,0,0,0,0,0,0,0,0,0,0,0,0,0,0,0,0,0,0,0,0,0,0,0,0,0,0,0,0,0,0,0,0,0,0,0,0,0,0,0,0,0,0,0,0,0,Rantum,0,0.48,131.06,108.76
SyRa III 1,0,19.2,46.6,0,26,0,0,0,2.7,0,0,0,0,0,0,0,0,0,0,0,0,0,0,0,0,0,0,0,5.5,0,0,0,0,0,0,0,0,0,0,0,0,0,0,0,0,0,0,0,0,0,0,0,Rantum,73,2.25,240.99,200
SyRa III 2,0,23.7,44.9,18.6,2.4,0,0,8.9,0.5,0,0,0,0,0,0,0,0,0,0,0,0,0,0,0,0,0,0,0,0,0,0,0,0,0,0,0,0,0,0,0,0,0,0.5,0,0,0,0,0,0,0.2,0.2,0,Rantum,414,1.54,196.89,163.4
SyRa III 3,0,36.8,32.2,0.9,3.4,0,0,24.2,0,2.2,0.3,0,0,0,0,0,0,0,0,0,0,0,0,0,0,0,0,0,0,0,0,0,0,0,0,0,0,0,0,0,0,0,0,0,0,0,0,0,0,0,0,0,Rantum,323,1.39,187.58,155.67
SyRa III 4,0,14.4,22.5,0,7.2,0,0,16.8,0,11,1.4,0,0,0,0,0,0,0,0,0,0,0,0,0,0,0,0,0,0,0,0,0,0,0,0,0,0,0,0,0,0,0,20.6,0,0,0,0,0,0,0.5,5.7,0,Rantum,209,1.1,169.57,140.72
SyRa III 5,0,74.2,5.9,0,1.2,0,0,1.6,0,0.4,0,0.4,0,0,0,0,0,0,0,0,0,0,0,0,0,0,0,0,0,0,0,0,0,0,0,0,0,0,0,0,0,0,1.2,0,0,0,0,0,0,0,15.2,0,Rantum,256,1.1,169.57,140.72
SyRa III 6,0,58.5,0,0,0,0,0,0,0,0.4,0.4,0,0,0,0,0,0,0,0,0,0,0,0,0,0,0,0,0,0.4,0,0,0,0,0,0,0,0,0,0,0,0,0,0,0,0,0,0,0,0,0,40.4,0,Rantum,270,1.3,181.99,151.03
SyRa III 7,0,68.4,1.2,0,0.8,0,0,0.4,0.8,0,0,0,0,0,0,0,0,0,0,0,0,0,0,0,0,0,0,0,0,0,0,0,0,0,0,0,0,0,0,0,0,0,0,0,0,0,0,0,0,0,28.5,0,Rantum,256,0.77,149.07,123.71
SyRa III 8,0,35.4,1.8,0,0,0,0,0.4,0.4,0.4,0,0,0,0,0,0,0,0,0,0,0,0,0,0,0,0,0,0,0.4,0,0,0,0,0,0,0,0,0,0,0,0,0,0,0,0,0,0,0,0,0,61.1,0,Rantum,229,0.68,143.48,119.07
SyRa III 9,0,22.4,10.5,0,9,0,0,0,0,0,0,0,0,0,0,0,0,0,0,0,0,0,0,0,0,0,0,0,0,0,0,0,0,0,0,0,0,0,0,0,0,0,0,0,0,0,0,0,0,0,58.2,0,Rantum,67,0.38,124.84,103.61
Sø 1,0,0,0,0,0,0,0,0,0,0,0,0,0,0,0,0,0,0,0,0,0,0,0,0,0,0,0,0,0,0,0,0,0,0,0,0,0,0,0,0,0,0,0,0,0,0,0,0,0,0,0,0,Sonderho,0,5.34,561.21,411.39
Sø 2,0,0,0,0,0,0,0,0,0,0,0,0,0,0,0,0,0,0,0,0,0,0,0,0,0,0,0,0,0,0,0,0,0,0,0,0,0,0,0,0,0,0,0,0,0,0,0,0,0,0,0,0,Sonderho,0,3.72,421.55,275.77
Sø 3,0,0,11.5,0,81.4,0,0,7.1,0,0,0,0,0,0,0,0,0,0,0,0,0,0,0,0,0,0,0,0,0,0,0,0,0,0,0,0,0,0,0,0,0,0,0,0,0,0,0,0,0,0,0,0,Sonderho,113,2,273.28,187.11
Sø 4,0,4.1,17.8,0,78.1,0,0,0,0,0,0,0,0,0,0,0,0,0,0,0,0,0,0,0,0,0,0,0,0,0,0,0,0,0,0,0,0,0,0,0,0,0,0,0,0,0,0,0,0,0,0,0,Sonderho,146,1.38,219.83,155.15
Sø 5,0,2.6,7.8,0,89.5,0,0,0,0,0,0,0,0,0,0,0,0,0,0,0,0,0,0,0,0,0,0,0,0,0,0,0,0,0,0,0,0,0,0,0,0,0,0,0,0,0,0,0,0,0,0,0,Sonderho,153,1.31,213.79,151.55
Sø 6,0,43.4,9.1,0,45.9,0,0,0.6,1.1,0,0,0,0,0,0,0,0,0,0,0,0,0,0,0,0,0,0,0,0,0,0,0,0,0,0,0,0,0,0,0,0,0,0,0,0,0,0,0,0,0,0,0,Sonderho,362,1.18,202.59,144.85
Sø 7,0,57.3,8.4,0,33.6,0,0,0,0.7,0,0,0,0,0,0,0,0,0,0,0,0,0,0,0,0,0,0,0,0,0,0,0,0,0,0,0,0,0,0,0,0,0,0,0,0,0,0,0,0,0,0,0,Sonderho,286,0.93,181.03,131.96
Sø 8,0,64.2,3.9,0,31,0,0,0,0.4,0.4,0,0,0,0,0,0,0,0,0,0,0,0,0,0,0,0,0,0,0,0,0,0,0,0,0,0,0,0,0,0,0,0,0,0,0,0,0,0,0,0,0,0,Sonderho,229,0.95,182.76,132.99
Sø 9,0,5.6,32.4,0,5,0,0,16.2,0,9.6,3.7,1.4,0,0,0,0,0,0,0,0,0,0,0,0,0,0,0,0,0,0,0,0,0,0,0,0,0,0,0,0,0,0,26.3,0,0,0,0,0,0,0,0,0,Sonderho,575,0.6,152.59,114.95
Sø 10,0,0.3,51.6,0,3,0,0,18.3,0,3.4,14.7,4.8,0,0,0,0,0,0,0,0,0,0,0,0,0,0,0,0,0.3,0,0,0,0,0,0,0,0,0,0,0,0,0,2.3,0,0,0,0,0,0,0.6,0,0.2,Sonderho,642,0.81,170.69,125.77
Sø 11,0,0.3,42.2,0,7.3,0,0,4,0,6,33.2,6.3,0,0,0,0,0,0,0,0,0,0,0,0,0,0,0,0,0,0,0,0,0,0,0,0,0,0,0,0,0,0,0.3,0,0,0,0,0,0,0.3,0,0,Sonderho,301,1.2,204.31,145.88
Sø 12,0,1,5.7,0,0,0,0,1.8,0,13.3,58.7,16.9,0,0,0,0,0,0,0,0,0,0,0,0,0,0,0,0,0,0,0,0,0,0,0,0,0,0,0,0,0,0,1.8,0,0,0,0,0,0,0.3,0,0,Sonderho,383,0.87,175.86,128.87
Sø 13,0,0,5.4,0,0,0,0,0,0,8.6,61.5,24.1,0,0,0,0,0,0,0,0,0,0,0,0,0,0,0,0,0,0,0,0,0,0,0,0,0,0,0,0,0,0,0,0,0,0,0,0,0,0,0,0,Sonderho,1510,1.06,192.24,138.66
Sø 14,0,0,9.5,0,0,0,0,0,0,17.3,52.5,19,0,0,0,0,0,0,0,0,0,0,0,0,0,0,0,0,0,0,0,0,0,0,0,0,0,0,0,0,0,0,0.7,0,0,0,0,0,0,0.7,0,0,Sonderho,274,0.41,136.21,105.15
